,農林水産業,鉱業,製造業,卸売・小売業,サービス業
北海道,"749,251","22,558","1,598,469","2,473,875","3,997,754"
青森県,"170,968","11,792","625,244","515,836","854,990"
岩手県,"143,183","6,306","573,699","459,252","837,894"
宮城県,"96,097","10,692","1,161,672","1,157,252","1,689,375"
秋田県,"96,233","11,052","449,100","358,622","691,716"
山形県,"129,104","4,655","709,549","372,736","693,827"
福島県,"98,828","6,798","1,619,457","625,972","1,310,891"
茨城県,"220,617","6,418","3,464,435","1,055,802","1,974,822"
栃木県,"116,790","15,919","2,850,130","792,973","1,482,399"
群馬県,"105,575","2,551","2,801,452","799,478","1,308,532"
埼玉県,"115,781","6,772","3,853,364","2,538,113","3,925,807"
千葉県,"217,804","16,730","3,087,185","1,955,860","3,957,527"
東京都,"48,797","20,498","6,540,768","18,817,826","19,980,581"
神奈川県,"57,487","1,629","4,930,833","3,191,686","6,288,378"
新潟県,"160,731","101,325","1,584,473","981,557","1,558,512"
富山県,"36,713","9,768","1,182,600","481,692","638,915"
石川県,"37,648","4,004","958,324","570,373","900,127"
福井県,"26,845","2,250","669,581","308,445","573,741"
山梨県,"52,370","3,776","755,999","293,832","580,415"
長野県,"142,302","9,382","1,988,522","679,532","1,472,846"
岐阜県,"68,275","17,443","1,754,582","709,020","1,390,371"
静岡県,"151,504","5,880","5,368,740","1,197,095","2,538,730"
愛知県,"156,403","11,902","12,005,042","4,640,534","5,819,223"
三重県,"83,587","7,811","2,654,042","703,429","1,219,091"
滋賀県,"37,944","2,326","2,069,537","425,957","886,742"
京都府,"39,738","2,962","2,115,567","1,108,335","1,975,555"
大阪府,"36,287","2,212","5,394,294","6,649,984","8,141,466"
兵庫県,"97,368","8,319","4,411,419","2,049,963","3,824,350"
奈良県,"22,573",311,"564,725","312,302","787,693"
和歌山県,"63,092","1,597","845,510","370,884","587,010"
鳥取県,"36,708",765,"181,982","180,264","354,658"
島根県,"36,956","2,354","329,809","211,446","456,164"
岡山県,"73,327","7,770","1,852,599","754,754","1,360,633"
広島県,"79,813","2,992","2,725,631","1,489,057","2,120,501"
山口県,"36,097","8,173","1,927,149","444,771","979,697"
徳島県,"56,900","1,321","810,265","264,004","508,821"
香川県,"45,447","3,632","680,983","513,348","743,444"
愛媛県,"90,200","4,102","922,182","542,464","889,016"
高知県,"92,914","8,975","175,411","261,711","561,274"
福岡県,"129,107","20,835","2,369,855","2,565,225","4,186,285"
佐賀県,"72,453","3,299","576,106","227,095","510,129"
長崎県,"111,936","5,244","406,433","486,164","1,004,924"
熊本県,"190,936","5,312","899,943","606,134","1,223,715"
大分県,"90,986","13,227","935,179","356,110","767,075"
宮崎県,"158,375","2,975","515,179","392,815","782,863"
鹿児島県,"197,293","29,842","601,246","603,299","1,172,568"
沖縄県,"61,503","7,111","163,959","422,522","1,097,931"
北海道,"722,267","22,752","1,574,728","2,508,293","4,009,871"
青森県,"171,976","11,808","595,334","518,542","856,514"
岩手県,"146,032","5,650","560,159","462,103","826,264"
宮城県,"107,648","8,724","1,045,421","1,176,877","1,654,834"
秋田県,"114,452","11,247","405,871","371,423","688,701"
山形県,"138,974","4,344","731,567","376,795","695,653"
福島県,"120,528","6,332","1,596,798","641,321","1,279,200"
茨城県,"233,143","5,823","3,274,930","1,074,286","1,954,692"
栃木県,"145,844","14,558","2,857,979","790,457","1,484,823"
群馬県,"107,891","2,232","2,575,888","807,664","1,292,852"
埼玉県,"120,735","6,628","3,891,393","2,574,049","3,886,302"
千葉県,"217,446","10,735","3,280,157","1,961,624","3,951,766"
東京都,"48,396","21,542","6,408,783","19,258,686","19,504,979"
神奈川県,"58,348","1,715","5,130,199","3,244,797","6,197,981"
新潟県,"171,928","95,760","1,525,198","997,151","1,569,484"
富山県,"44,557","8,864","1,136,151","486,515","645,619"
石川県,"43,005","4,193","923,798","569,320","894,953"
福井県,"30,818","2,015","669,931","304,903","572,305"
山梨県,"54,955","3,123","709,476","294,414","577,668"
長野県,"145,535","8,980","1,880,751","676,170","1,445,064"
岐阜県,"71,001","15,002","1,676,104","716,590","1,389,013"
静岡県,"147,397","5,772","5,476,220","1,318,531","2,481,069"
愛知県,"163,046","11,872","11,896,771","4,643,458","5,692,432"
三重県,"86,171","7,404","2,675,824","715,237","1,203,349"
滋賀県,"41,235","2,529","2,096,480","431,888","874,741"
京都府,"41,119","2,925","1,993,184","1,126,633","1,962,344"
大阪府,"36,413","2,407","5,136,413","6,674,803","8,164,189"
兵庫県,"100,951","7,948","4,277,260","2,070,726","3,684,051"
奈良県,"22,901",310,"566,545","315,776","791,081"
和歌山県,"68,737","2,212","894,609","350,621","591,397"
鳥取県,"38,607",807,"187,527","183,873","355,908"
島根県,"39,302","2,687","328,992","211,530","451,733"
岡山県,"72,373","7,977","1,942,841","774,121","1,355,552"
広島県,"78,874","3,150","2,410,105","1,525,675","2,106,616"
山口県,"41,987","7,888","1,853,273","444,455","978,004"
徳島県,"60,500","1,198","763,446","269,417","502,098"
香川県,"46,051","3,606","707,732","498,205","743,168"
愛媛県,"95,889","3,897","941,317","552,350","886,410"
高知県,"82,287","8,504","173,883","261,396","549,949"
福岡県,"135,698","18,246","2,391,089","2,562,489","4,143,678"
佐賀県,"68,939","3,016","540,544","227,921","512,724"
長崎県,"113,163","4,721","507,759","485,990","999,246"
熊本県,"189,161","5,026","872,466","617,024","1,215,897"
大分県,"89,929","12,281","905,556","355,720","771,871"
宮崎県,"157,358","2,927","499,408","392,882","778,030"
鹿児島県,"187,387","28,458","584,167","601,282","1,164,574"
沖縄県,"57,761","6,091","158,643","417,515","1,063,186"
北海道,"694,546","26,611","1,551,437","2,506,423","4,012,915"
青森県,"170,382","10,339","622,800","521,854","846,340"
岩手県,"151,363","4,908","525,656","421,821","806,380"
宮城県,"109,650","5,862","987,343","1,138,287","1,627,969"
秋田県,"125,493","10,322","426,397","363,956","680,524"
山形県,"142,730","4,112","643,502","369,193","687,784"
福島県,"119,214","5,160","1,434,968","599,910","1,253,536"
茨城県,"228,348","5,615","3,428,871","1,082,592","1,942,104"
栃木県,"159,874","13,887","2,393,069","797,817","1,446,448"
群馬県,"104,922","1,953","2,407,956","784,507","1,268,140"
埼玉県,"123,553","5,977","3,626,940","2,495,739","3,827,498"
千葉県,"225,159","10,285","3,015,326","1,951,912","3,841,779"
東京都,"49,701","21,117","6,456,027","19,488,551","19,095,547"
神奈川県,"60,718","1,721","5,053,914","3,291,907","6,084,729"
新潟県,"187,862","89,600","1,540,563","980,282","1,576,799"
富山県,"51,725","7,363","1,118,538","491,251","655,959"
石川県,"46,157","3,781","823,257","569,909","866,256"
福井県,"35,746","2,058","675,562","298,545","570,964"
山梨県,"55,511","2,608","671,840","288,722","581,799"
長野県,"152,771","9,193","1,812,742","697,294","1,410,681"
岐阜県,"73,473","13,175","1,782,762","718,480","1,382,141"
静岡県,"152,986","7,010","5,203,741","1,256,628","2,428,953"
愛知県,"172,376","11,240","11,414,232","4,577,884","5,654,245"
三重県,"91,212","4,549","2,349,760","702,768","1,181,212"
滋賀県,"45,894","2,608","1,997,307","431,471","862,435"
京都府,"43,722","2,283","2,085,387","1,107,250","1,931,405"
大阪府,"38,739","2,463","5,094,988","6,583,365","8,094,609"
兵庫県,"107,636","6,719","3,951,096","2,128,027","3,680,870"
奈良県,"23,279",262,"560,963","295,793","789,743"
和歌山県,"72,542","1,414","946,293","380,960","589,944"
鳥取県,"42,440",671,"189,858","184,895","351,288"
島根県,"42,781","2,399","321,544","206,242","441,328"
岡山県,"83,548","7,787","1,717,333","784,268","1,345,801"
広島県,"81,828","2,863","2,298,814","1,546,338","2,079,077"
山口県,"49,300","7,053","1,739,783","450,685","971,741"
徳島県,"67,244","1,259","718,410","263,804","497,169"
香川県,"50,557","3,201","789,274","494,224","728,494"
愛媛県,"98,812","3,810","887,766","542,365","880,015"
高知県,"81,207","7,924","164,559","263,201","523,180"
福岡県,"143,127","15,831","2,539,655","2,495,928","4,071,244"
佐賀県,"73,722","2,390","526,556","227,064","514,360"
長崎県,"113,734","4,503","549,386","489,223","988,598"
熊本県,"188,785","3,801","964,771","621,063","1,196,103"
大分県,"92,208","11,159","966,999","359,055","772,816"
宮崎県,"152,560","3,091","452,634","394,142","770,115"
鹿児島県,"188,088","30,451","593,491","626,123","1,150,140"
沖縄県,"60,364","5,189","156,229","413,937","1,024,767"
北海道,"683,580","32,763","1,622,512","2,459,674","3,982,311"
青森県,"166,526","9,952","641,010","506,874","843,474"
岩手県,"140,489","3,570","456,902","420,403","772,443"
宮城県,"96,184","4,284","848,888","1,105,938","1,546,047"
秋田県,"114,404","9,307","479,346","368,965","670,857"
山形県,"128,702","3,926","665,558","374,333","668,872"
福島県,"112,824","3,863","1,237,100","597,992","1,222,285"
茨城県,"221,997","6,159","3,514,566","1,074,741","1,867,026"
栃木県,"148,043","14,942","2,418,049","825,367","1,442,125"
群馬県,"102,678","2,213","2,406,229","787,422","1,234,118"
埼玉県,"118,288","6,820","4,158,724","2,476,053","3,684,041"
千葉県,"214,463","10,627","3,533,142","1,962,016","3,627,759"
東京都,"47,693","23,056","6,623,536","19,755,542","19,143,077"
神奈川県,"58,723","2,120","5,647,241","3,262,448","6,090,332"
新潟県,"181,704","84,107","1,589,912","997,300","1,521,839"
富山県,"49,807","9,264","1,163,906","498,263","668,780"
石川県,"47,490","4,717","782,074","573,988","870,387"
福井県,"36,124","2,058","674,562","303,599","560,576"
山梨県,"53,807","3,203","744,232","292,220","578,680"
長野県,"142,181","8,361","1,793,103","709,072","1,439,465"
岐阜県,"76,112","16,058","1,727,762","718,055","1,365,209"
静岡県,"148,799","7,327","5,120,607","1,283,502","2,410,096"
愛知県,"169,833","10,685","9,875,263","4,547,565","5,593,832"
三重県,"89,628","6,883","2,235,396","688,296","1,133,039"
滋賀県,"40,023","2,896","2,177,402","437,015","858,431"
京都府,"41,790","2,657","2,169,629","1,113,246","1,931,109"
大阪府,"39,012","2,785","5,383,355","6,625,408","8,104,781"
兵庫県,"105,022","7,692","4,047,163","2,161,287","3,716,319"
奈良県,"23,635",259,"531,924","293,465","786,450"
和歌山県,"75,083","1,235","992,617","377,062","582,536"
鳥取県,"42,428",806,"183,880","190,722","350,809"
島根県,"41,934","3,071","334,579","214,461","438,866"
岡山県,"80,062","7,681","1,914,382","814,104","1,327,503"
広島県,"78,472","3,084","2,625,876","1,512,506","2,058,746"
山口県,"53,585","7,555","1,789,191","465,803","959,416"
徳島県,"64,742","1,544","738,878","265,088","498,472"
香川県,"48,197","3,479","797,363","491,800","715,169"
愛媛県,"99,887","4,460","1,185,953","546,591","879,641"
高知県,"83,594","7,671","171,286","276,190","508,580"
福岡県,"137,296","18,598","2,722,660","2,600,979","3,899,277"
佐賀県,"70,562","2,760","522,122","232,281","512,615"
長崎県,"116,171","4,882","576,061","512,987","975,202"
熊本県,"174,993","3,828","950,815","616,150","1,186,464"
大分県,"94,324","12,105","940,655","374,412","764,867"
宮崎県,"152,001","2,484","476,064","408,899","760,026"
鹿児島県,"189,594","30,560","657,091","652,451","1,134,062"
沖縄県,"54,557","5,429","195,122","411,985","969,349"
北海道,"679,592","31,408","1,707,605","2,345,691","3,942,694"
青森県,"163,788","9,422","664,694","494,167","855,904"
岩手県,"147,377","3,795","541,471","422,212","770,092"
宮城県,"117,133","2,685","1,064,204","1,060,261","1,541,306"
秋田県,"99,360","8,751","446,403","366,390","670,242"
山形県,"119,951","3,803","698,844","374,022","669,541"
福島県,"139,558","3,326","1,655,022","603,478","1,232,099"
茨城県,"243,566","5,625","3,382,448","1,032,136","1,892,337"
栃木県,"142,513","14,098","2,607,326","764,533","1,470,634"
群馬県,"106,382","2,044","2,425,570","765,007","1,222,500"
埼玉県,"121,717","5,927","3,859,277","2,385,474","3,632,711"
千葉県,"223,208","11,859","3,692,335","1,937,862","3,564,849"
東京都,"47,985","23,796","6,309,050","18,334,598","18,804,600"
神奈川県,"58,971","1,608","5,436,510","3,116,060","6,096,079"
新潟県,"171,173","79,443","1,585,697","963,871","1,506,464"
富山県,"49,934","6,186","1,139,959","467,475","685,645"
石川県,"44,885","5,173","778,361","561,613","860,244"
福井県,"34,725","1,679","636,458","284,780","561,557"
山梨県,"55,354","2,758","776,788","289,958","577,639"
長野県,"146,442","10,321","1,855,431","691,506","1,424,670"
岐阜県,"74,660","18,408","1,721,485","728,723","1,356,869"
静岡県,"154,484","6,586","5,123,232","1,211,004","2,406,971"
愛知県,"164,706","10,100","9,170,265","4,443,210","5,524,336"
三重県,"85,984","7,194","2,490,969","654,024","1,135,407"
滋賀県,"35,923","2,203","2,284,976","420,251","857,702"
京都府,"41,381","2,098","2,082,456","1,054,874","1,896,889"
大阪府,"39,336","2,180","5,411,640","6,259,268","8,050,445"
兵庫県,"100,541","7,802","4,201,286","2,263,128","3,738,708"
奈良県,"23,121",314,"589,633","314,208","775,472"
和歌山県,"75,846","1,384","948,601","340,991","585,364"
鳥取県,"42,194",903,"219,674","195,251","347,745"
島根県,"38,924","2,980","312,716","220,419","442,426"
岡山県,"76,912","7,301","1,862,257","766,915","1,310,852"
広島県,"77,106","2,930","2,306,129","1,447,319","2,041,148"
山口県,"49,047","7,240","1,798,842","468,107","946,522"
徳島県,"65,796","1,453","752,984","247,992","506,667"
香川県,"48,815","3,548","694,273","481,710","726,719"
愛媛県,"104,200","4,102","987,513","518,963","895,213"
高知県,"84,889","7,446","167,150","254,273","502,059"
福岡県,"139,554","15,693","2,764,085","2,491,152","3,936,924"
佐賀県,"74,550","2,683","538,505","237,212","509,638"
長崎県,"112,079","4,408","600,510","477,991","966,056"
熊本県,"168,008","3,822","891,120","594,639","1,165,377"
大分県,"93,119","11,427","1,001,264","392,526","784,869"
宮崎県,"152,581","2,557","458,393","404,473","750,895"
鹿児島県,"188,765","25,819","743,806","616,593","1,119,053"
沖縄県,"69,311","5,515","163,722","401,868","961,644"
北海道,"683,851","33,396","1,648,511","2,314,876","3,966,272"
青森県,"165,867","9,899","640,879","488,307","857,833"
岩手県,"154,246","4,343","585,551","425,183","767,478"
宮城県,"130,904","2,622","950,784","1,073,582","1,534,748"
秋田県,"110,024","9,482","412,616","362,760","678,332"
山形県,"119,220","3,711","598,729","365,385","666,894"
福島県,"144,527","3,412","1,607,171","600,650","1,276,863"
茨城県,"232,868","5,346","2,973,821","1,040,150","1,926,505"
栃木県,"133,416","11,932","2,408,326","766,210","1,475,160"
群馬県,"103,042","1,753","2,237,380","739,401","1,252,266"
埼玉県,"117,465","5,562","3,723,518","2,215,902","3,642,096"
千葉県,"220,004","15,571","3,738,776","1,845,824","3,598,496"
東京都,"46,924","23,212","6,412,562","18,114,074","18,545,368"
神奈川県,"56,051","1,925","4,895,439","3,169,186","6,218,431"
新潟県,"168,092","74,467","1,506,678","920,202","1,544,928"
富山県,"50,196","4,905","916,476","465,935","703,442"
石川県,"43,714","4,283","729,602","532,486","858,640"
福井県,"33,743","1,920","578,906","311,955","567,404"
山梨県,"54,311","2,403","595,397","290,032","583,927"
長野県,"142,211","8,483","1,752,216","692,615","1,426,221"
岐阜県,"79,333","15,177","1,621,401","751,328","1,366,121"
静岡県,"152,040","7,051","4,836,260","1,131,675","2,411,645"
愛知県,"161,136","9,634","9,525,083","4,313,836","5,552,277"
三重県,"84,752","6,308","2,331,291","647,765","1,133,075"
滋賀県,"37,354","2,281","2,149,886","430,895","855,858"
京都府,"40,625","2,346","2,071,222","1,018,044","1,911,006"
大阪府,"38,097","1,420","5,272,894","6,024,008","8,180,422"
兵庫県,"97,407","6,120","3,721,742","2,006,486","3,735,272"
奈良県,"20,581",270,"472,095","307,595","786,069"
和歌山県,"61,550","1,257","811,667","336,435","594,765"
鳥取県,"41,860",946,"260,569","202,034","354,499"
島根県,"41,350","3,668","288,986","220,129","433,739"
岡山県,"77,991","6,946","1,845,284","780,609","1,310,571"
広島県,"75,780","2,099","2,213,775","1,474,751","2,038,714"
山口県,"54,000","6,658","1,668,216","466,045","957,422"
徳島県,"56,964","1,348","667,831","233,746","513,421"
香川県,"50,081","3,416","758,735","463,677","738,206"
愛媛県,"93,772","3,564","870,018","496,202","911,086"
高知県,"78,390","7,524","164,715","254,879","496,376"
福岡県,"132,127","14,655","2,643,283","2,516,852","3,913,474"
佐賀県,"74,847","2,480","440,289","245,576","511,013"
長崎県,"107,912","4,212","549,673","477,627","961,932"
熊本県,"160,167","3,795","826,504","605,952","1,166,682"
大分県,"89,508","10,982","878,198","392,709","794,093"
宮崎県,"154,296","2,392","423,892","406,567","751,785"
鹿児島県,"183,207","20,016","670,079","632,874","1,124,774"
沖縄県,"66,355","6,524","171,777","377,677","957,678"
北海道,"706,274","34,150","1,623,999","2,339,208","3,933,204"
青森県,"178,964","11,327","657,297","489,499","863,041"
岩手県,"163,946","4,584","646,856","462,279","780,274"
宮城県,"137,215","2,674","935,809","1,230,569","1,551,300"
秋田県,"118,686","12,217","443,486","382,593","698,271"
山形県,"125,145","4,276","794,361","393,297","678,696"
福島県,"145,409","3,947","1,758,364","653,481","1,337,522"
茨城県,"247,453","8,964","3,525,498","1,016,010","1,969,313"
栃木県,"139,564","17,459","2,535,425","754,301","1,471,680"
群馬県,"103,495","2,545","2,319,272","784,224","1,290,953"
埼玉県,"119,448","6,684","4,034,155","2,257,562","3,576,480"
千葉県,"227,559","20,014","3,480,692","1,872,172","3,709,889"
東京都,"51,304","26,634","6,990,957","20,330,681","19,271,398"
神奈川県,"57,060","3,208","5,801,417","3,123,432","6,432,356"
新潟県,"181,987","86,810","1,687,237","966,408","1,546,309"
富山県,"53,270","7,188","1,214,109","472,698","732,108"
石川県,"49,561","4,771","948,131","565,724","884,878"
福井県,"34,854","2,703","626,194","319,641","574,466"
山梨県,"56,770","3,043","744,371","291,833","589,088"
長野県,"147,801","10,442","2,033,185","685,556","1,438,465"
岐阜県,"79,376","21,712","1,841,858","788,400","1,402,957"
静岡県,"164,487","8,411","5,784,780","1,182,443","2,506,178"
愛知県,"168,364","9,693","9,934,525","4,505,303","5,788,626"
三重県,"91,837","11,010","2,421,070","631,729","1,143,115"
滋賀県,"40,569","2,816","2,257,065","452,354","841,448"
京都府,"42,537","2,604","2,312,311","1,050,962","1,916,780"
大阪府,"38,072","1,873","5,741,994","6,759,031","8,427,316"
兵庫県,"96,146","12,283","4,505,316","1,865,473","3,678,193"
奈良県,"21,219",459,"573,589","339,687","790,619"
和歌山県,"78,389","1,713","977,865","312,138","609,710"
鳥取県,"45,029","1,460","305,466","195,533","360,536"
島根県,"44,629","4,436","277,343","215,964","430,613"
岡山県,"78,455","8,209","2,048,939","795,064","1,313,262"
広島県,"80,430","3,336","2,521,043","1,553,223","2,068,889"
山口県,"53,442","8,058","1,769,059","509,557","966,108"
徳島県,"62,231","1,761","689,930","245,160","514,665"
香川県,"51,265","8,369","741,905","485,432","757,053"
愛媛県,"101,411","5,190","855,884","513,151","925,557"
高知県,"86,867","6,881","190,836","253,457","518,248"
福岡県,"136,750","20,078","2,433,541","2,558,724","3,940,070"
佐賀県,"77,747","3,118","585,325","229,317","511,472"
長崎県,"113,203","4,735","562,730","463,972","966,487"
熊本県,"172,052","4,846","889,983","585,998","1,175,348"
大分県,"91,270","13,630","1,097,794","385,188","794,157"
宮崎県,"156,204","2,573","421,677","394,783","756,808"
鹿児島県,"190,340","21,612","738,259","595,441","1,137,749"
沖縄県,"66,904","7,564","155,317","385,680","967,489"
北海道,"704,353","33,428","1,736,676","2,463,281","3,905,914"
青森県,"183,680","13,858","690,615","505,820","869,671"
岩手県,"160,072","5,979","760,175","494,605","790,038"
宮城県,"115,432","3,128","1,063,811","1,329,424","1,602,606"
秋田県,"116,052","11,936","507,107","397,341","718,916"
山形県,"121,888","4,739","1,019,544","420,211","694,399"
福島県,"139,437","4,814","2,138,461","688,547","1,377,176"
茨城県,"244,270","9,480","3,861,719","1,051,950","2,000,763"
栃木県,"142,680","19,993","2,917,110","766,978","1,467,866"
群馬県,"106,936","3,161","2,622,839","816,514","1,317,328"
埼玉県,"118,692","7,714","4,593,902","2,254,796","3,451,408"
千葉県,"227,335","20,314","3,966,223","1,878,747","3,641,499"
東京都,"49,120","29,120","7,819,071","20,882,580","19,896,057"
神奈川県,"57,632","3,887","6,601,350","3,263,994","6,463,971"
新潟県,"176,409","85,392","1,863,253","1,031,484","1,581,018"
富山県,"47,378","8,972","1,371,110","481,205","742,897"
石川県,"46,821","6,645","1,048,813","569,590","904,320"
福井県,"33,397","2,724","699,049","327,282","582,347"
山梨県,"59,410","3,799","816,367","293,333","602,397"
長野県,"154,236","11,052","2,207,836","689,207","1,457,296"
岐阜県,"76,435","25,411","1,968,977","805,485","1,425,885"
静岡県,"169,316","7,218","6,229,272","1,231,831","2,577,523"
愛知県,"177,848","9,234","13,612,800","4,796,321","5,852,422"
三重県,"95,731","9,053","3,179,087","635,527","1,201,527"
滋賀県,"38,603","3,416","2,369,532","460,453","841,782"
京都府,"42,670","3,855","2,473,602","1,126,494","1,888,892"
大阪府,"37,287","2,313","6,200,191","7,339,455","8,351,891"
兵庫県,"98,814","20,499","4,655,076","2,101,612","3,658,347"
奈良県,"21,920",378,"702,940","320,107","787,483"
和歌山県,"76,567","1,983","1,026,253","318,230","603,967"
鳥取県,"44,086","1,424","342,760","207,377","376,278"
島根県,"44,974","5,591","367,037","217,125","440,419"
岡山県,"67,918","8,680","2,352,288","811,103","1,306,229"
広島県,"79,037","4,179","3,061,549","1,776,424","2,074,306"
山口県,"53,686","9,446","1,868,908","540,825","974,974"
徳島県,"60,387","2,292","669,052","260,464","516,517"
香川県,"52,267","5,393","792,570","493,514","763,723"
愛媛県,"101,936","5,811","1,047,194","545,274","930,326"
高知県,"88,235","7,483","199,686","256,170","523,680"
福岡県,"139,995","24,075","2,815,646","2,644,875","3,953,821"
佐賀県,"78,904","3,464","673,289","237,325","513,452"
長崎県,"117,722","5,698","595,775","465,894","973,667"
熊本県,"175,217","5,733","984,314","605,237","1,194,713"
大分県,"95,376","14,799","1,061,813","387,982","816,690"
宮崎県,"161,542","2,912","484,910","396,278","768,758"
鹿児島県,"194,412","22,231","804,546","599,080","1,154,014"
沖縄県,"68,224","8,295","162,573","387,039","975,753"
北海道,"732,381","33,533","1,746,887","2,540,621","3,732,247"
青森県,"182,775","13,930","764,406","527,763","853,107"
岩手県,"163,025","5,649","767,947","500,446","789,304"
宮城県,"140,926","3,959","1,163,325","1,328,846","1,597,700"
秋田県,"117,936","12,254","549,485","397,142","710,907"
山形県,"130,421","5,273","896,687","423,135","674,867"
福島県,"140,008","6,754","2,130,209","697,570","1,362,642"
茨城県,"238,990","9,751","3,601,028","1,018,877","1,889,856"
栃木県,"148,650","20,428","2,941,083","780,192","1,372,771"
群馬県,"112,494","3,499","2,439,580","808,460","1,313,041"
埼玉県,"117,815","7,516","4,777,791","2,230,937","3,485,272"
千葉県,"228,112","17,973","3,773,598","1,922,453","3,599,061"
東京都,"49,018","26,798","7,793,458","21,655,576","19,135,079"
神奈川県,"57,483","3,836","6,779,282","3,162,972","6,241,422"
新潟県,"190,343","69,860","1,825,033","1,016,188","1,589,362"
富山県,"54,539","7,490","1,352,042","492,763","736,091"
石川県,"51,506","5,786","977,709","579,996","890,085"
福井県,"36,418","3,485","685,227","337,764","551,201"
山梨県,"59,796","3,812","808,060","295,776","589,217"
長野県,"159,103","9,789","2,126,625","718,861","1,460,014"
岐阜県,"81,078","23,729","1,964,766","801,969","1,399,837"
静岡県,"175,274","9,337","6,225,731","1,386,607","2,550,107"
愛知県,"181,495","9,075","12,988,933","4,855,474","5,666,707"
三重県,"97,858","8,211","2,979,744","590,369","1,193,357"
滋賀県,"42,173","3,464","2,387,630","456,886","810,374"
京都府,"44,281","3,803","2,279,748","1,163,836","1,814,009"
大阪府,"37,184","2,536","5,931,193","7,424,763","8,027,130"
兵庫県,"97,506","22,400","4,956,642","2,051,524","3,569,605"
奈良県,"21,993",481,"710,907","336,794","767,171"
和歌山県,"84,006","2,704","1,110,030","333,604","583,128"
鳥取県,"44,767","2,350","383,871","218,810","372,808"
島根県,"48,063","5,387","339,081","223,630","435,766"
岡山県,"71,801","10,224","2,584,673","833,626","1,233,548"
広島県,"84,107","5,028","2,853,335","1,614,731","2,002,524"
山口県,"51,779","11,680","1,834,470","536,572","936,218"
徳島県,"67,112","1,858","682,215","260,254","488,738"
香川県,"54,712","6,038","758,957","506,647","724,216"
愛媛県,"118,895","7,552","1,136,504","535,305","890,318"
高知県,"96,669","7,713","237,614","259,531","500,813"
福岡県,"138,947","24,189","2,710,218","2,760,470","3,808,465"
佐賀県,"77,766","3,482","586,228","258,100","496,059"
長崎県,"115,331","6,251","569,704","476,282","939,851"
熊本県,"170,890","6,494","966,282","591,751","1,161,823"
大分県,"93,821","14,819","1,077,379","394,304","797,598"
宮崎県,"168,577","3,751","441,027","406,387","747,729"
鹿児島県,"197,411","19,173","739,287","626,196","1,116,804"
沖縄県,"69,006","8,003","156,225","393,319","941,945"
北海道,"726,316","35,406","1,767,714","2,855,932","3,724,786"
青森県,"175,940","13,942","402,157","573,079","865,703"
岩手県,"159,396","5,249","756,782","504,098","790,632"
宮城県,"134,507","4,674","1,145,746","1,357,955","1,594,371"
秋田県,"118,628","11,032","467,854","409,119","711,121"
山形県,"129,347","5,210","825,632","433,956","664,864"
福島県,"138,025","6,863","2,083,450","711,274","1,323,318"
茨城県,"252,700","7,409","3,390,165","1,104,847","1,816,728"
栃木県,"153,730","18,746","2,889,437","776,885","1,388,932"
群馬県,"110,112","4,131","2,379,332","848,550","1,270,561"
埼玉県,"118,110","7,046","4,715,849","2,343,270","3,423,722"
千葉県,"238,731","17,244","3,869,746","1,963,813","3,565,037"
東京都,"48,259","25,967","7,654,068","21,859,143","18,856,239"
神奈川県,"58,029","3,912","6,468,125","3,392,506","5,942,229"
新潟県,"195,035","61,045","1,824,870","1,024,705","1,551,137"
富山県,"54,564","9,773","1,448,715","519,146","721,335"
石川県,"49,696","5,448","934,822","594,883","867,289"
福井県,"36,540","3,052","679,836","302,910","526,689"
山梨県,"59,038","3,939","760,507","312,203","574,829"
長野県,"158,097","9,552","2,314,118","748,180","1,476,704"
岐阜県,"80,029","25,131","1,934,796","812,656","1,367,027"
静岡県,"181,364","8,772","6,148,219","1,409,537","2,473,513"
愛知県,"191,997","8,600","11,695,291","5,108,693","5,605,420"
三重県,"103,142","8,894","2,718,811","626,379","1,139,649"
滋賀県,"44,735","3,294","2,332,764","468,333","794,731"
京都府,"45,515","4,697","2,231,782","1,253,240","1,774,956"
大阪府,"37,015","2,484","6,089,745","7,491,499","7,817,737"
兵庫県,"107,974","31,741","4,686,959","2,058,723","3,492,593"
奈良県,"24,110",502,"693,306","366,895","743,618"
和歌山県,"77,906","11,845","1,108,579","332,985","588,984"
鳥取県,"46,008","2,392","347,094","225,040","367,296"
島根県,"50,590","4,829","314,179","237,732","429,796"
岡山県,"71,498","9,991","2,235,219","856,518","1,190,781"
広島県,"84,683","4,922","2,917,849","1,589,686","1,952,956"
山口県,"54,882","10,898","1,882,620","547,745","922,805"
徳島県,"71,912","1,980","676,609","263,684","479,447"
香川県,"56,759","6,237","654,766","526,725","693,363"
愛媛県,"111,403","9,605","990,771","586,727","871,065"
高知県,"96,437","7,632","227,379","277,995","492,582"
福岡県,"144,311","23,686","2,691,499","2,983,023","3,782,290"
佐賀県,"87,214","3,064","557,753","265,989","490,131"
長崎県,"121,676","6,088","507,061","494,054","935,866"
熊本県,"185,584","6,125","946,640","608,867","1,148,303"
大分県,"95,365","14,654","1,122,181","404,690","771,778"
宮崎県,"171,078","3,414","413,042","414,900","748,703"
鹿児島県,"205,571","15,650","708,403","645,433","1,093,559"
沖縄県,"67,612","8,287","152,050","392,881","924,728"
北海道,"763,665","29,979","1,875,097","2,992,620","3,702,241"
青森県,"192,414","13,755","407,572","601,213","888,584"
岩手県,"162,427","5,483","778,913","525,352","795,579"
宮城県,"156,313","5,658","1,086,546","1,363,658","1,670,749"
秋田県,"115,264","10,087","456,295","429,397","722,163"
山形県,"131,967","5,102","816,820","464,530","671,556"
福島県,"142,791","7,623","2,143,624","740,145","1,349,084"
茨城県,"269,249","8,760","3,272,961","1,142,503","1,826,233"
栃木県,"158,959","19,527","2,802,204","795,460","1,353,563"
群馬県,"118,096","3,681","2,363,130","882,894","1,226,890"
埼玉県,"121,075","6,792","4,498,466","2,354,560","3,513,580"
千葉県,"251,935","17,695","3,709,879","2,040,295","3,680,798"
東京都,"48,530","23,618","7,458,366","21,665,461","17,670,251"
神奈川県,"57,955","3,673","6,458,385","3,448,599","5,725,933"
新潟県,"190,037","52,516","1,775,689","1,061,878","1,581,676"
富山県,"58,941","8,309","1,448,057","521,140","739,620"
石川県,"51,737","7,958","953,594","622,899","928,003"
福井県,"39,937","2,757","669,187","311,526","539,514"
山梨県,"63,833","3,825","726,329","328,885","549,699"
長野県,"171,767","10,791","2,151,744","747,123","1,574,853"
岐阜県,"88,869","25,978","1,813,175","832,089","1,363,078"
静岡県,"194,729","11,855","5,844,901","1,421,080","2,647,442"
愛知県,"199,142","8,803","11,018,008","5,149,363","5,413,231"
三重県,"108,507","8,644","2,571,659","643,051","1,181,726"
滋賀県,"45,782","3,257","2,329,800","470,130","813,059"
京都府,"46,838","4,117","2,207,022","1,287,283","1,805,965"
大阪府,"38,055","2,417","6,140,233","7,226,088","7,712,727"
兵庫県,"99,181","41,551","4,636,215","2,156,547","3,457,402"
奈良県,"28,319",456,"684,087","373,705","749,604"
和歌山県,"90,035","12,841","954,453","349,792","624,161"
鳥取県,"48,883","2,642","381,801","239,373","376,362"
島根県,"54,923","5,170","308,676","259,893","470,167"
岡山県,"72,621","10,560","1,966,017","879,562","1,188,061"
広島県,"88,359","5,749","2,513,675","1,603,022","1,981,273"
山口県,"53,275","9,650","1,756,831","566,716","968,923"
徳島県,"72,073","1,644","746,182","274,550","492,378"
香川県,"61,608","7,173","715,095","541,632","676,080"
愛媛県,"107,214","9,229","1,079,005","615,272","902,148"
高知県,"104,386","6,941","229,252","285,780","505,710"
福岡県,"150,636","25,438","2,683,908","3,015,774","3,662,368"
佐賀県,"87,076","3,275","539,040","277,953","496,315"
長崎県,"123,544","6,245","449,799","529,417","996,118"
熊本県,"189,608","7,387","954,408","641,332","1,183,661"
大分県,"98,734","13,475","1,232,557","423,580","827,428"
宮崎県,"173,717","3,407","469,225","431,415","761,867"
鹿児島県,"208,952","12,317","705,057","678,678","1,130,596"
沖縄県,"67,477","8,927","175,687","400,183","934,558"
北海道,"676,873","34,521","1,870,589","3,006,672","3,661,346"
青森県,"143,802","18,159","389,848","610,169","887,435"
岩手県,"152,311","7,107","709,736","533,466","825,515"
宮城県,"140,134","6,118","1,092,979","1,375,591","1,670,377"
秋田県,"152,760","10,826","452,052","434,285","722,636"
山形県,"153,539","5,290","749,913","475,124","664,593"
福島県,"147,141","8,886","1,931,209","753,001","1,337,702"
茨城県,"275,518","9,888","3,476,904","1,140,788","1,769,136"
栃木県,"162,188","20,189","2,687,448","798,445","1,357,989"
群馬県,"119,129","5,032","2,445,921","870,346","1,203,319"
埼玉県,"128,030","7,614","4,243,722","2,328,760","3,266,833"
千葉県,"265,205","23,842","3,637,429","2,006,673","3,656,301"
東京都,"42,395","23,569","7,340,958","20,963,309","18,260,705"
神奈川県,"57,606","3,586","6,545,652","3,370,444","5,576,368"
新潟県,"231,422","57,053","1,741,343","1,079,567","1,562,218"
富山県,"56,284","7,865","1,422,890","536,614","742,130"
石川県,"49,078","8,579","961,802","621,346","928,633"
福井県,"38,801","3,138","654,257","323,936","534,635"
山梨県,"56,663","4,998","692,462","335,429","538,873"
長野県,"180,541","13,561","2,029,605","749,786","1,620,838"
岐阜県,"79,363","31,512","1,791,110","856,410","1,352,376"
静岡県,"186,538","12,618","5,617,213","1,394,303","2,653,107"
愛知県,"194,207","10,765","10,600,548","4,844,872","5,311,347"
三重県,"116,828","10,425","2,313,589","640,376","1,151,734"
滋賀県,"50,334","3,508","2,173,296","505,419","802,105"
京都府,"49,051","4,921","2,074,374","1,290,657","1,798,675"
大阪府,"36,887","2,857","6,056,678","7,163,050","7,649,076"
兵庫県,"113,906","57,343","4,437,155","2,199,348","3,443,626"
奈良県,"27,188",714,"727,548","374,351","732,122"
和歌山県,"85,714","17,149","970,957","347,763","623,067"
鳥取県,"49,785","3,461","347,781","250,946","379,159"
島根県,"50,583","5,752","300,421","277,636","466,202"
岡山県,"71,346","11,705","2,009,393","904,670","1,182,228"
広島県,"83,973","7,030","2,520,372","1,614,092","1,941,710"
山口県,"58,625","10,717","1,708,277","565,058","954,896"
徳島県,"79,925","1,584","738,985","282,724","488,682"
香川県,"62,871","8,611","722,086","549,009","667,726"
愛媛県,"103,450","10,265","1,037,118","628,079","893,524"
高知県,"96,243","7,671","236,225","289,982","507,458"
福岡県,"158,542","28,490","2,704,512","2,984,465","3,593,138"
佐賀県,"98,429","3,794","521,478","271,052","501,387"
長崎県,"123,544","7,925","426,222","552,406","995,773"
熊本県,"198,229","7,311","890,073","649,454","1,181,760"
大分県,"108,897","15,344","1,128,101","430,178","830,450"
宮崎県,"170,887","3,726","439,796","434,238","771,585"
鹿児島県,"207,777","12,693","681,082","684,705","1,121,820"
沖縄県,"67,112","10,063","212,503","394,640","927,330"
北海道,"712,976","32,453","1,851,490","3,020,058","3,640,947"
青森県,"169,755","18,731","350,378","621,328","890,194"
岩手県,"173,429","9,086","710,035","550,001","821,050"
宮城県,"167,476","4,691","1,074,934","1,415,861","1,646,096"
秋田県,"133,200","11,767","472,863","446,750","717,019"
山形県,"144,959","6,478","794,204","488,893","656,944"
福島県,"142,539","9,863","1,946,923","772,728","1,333,320"
茨城県,"267,390","9,271","3,458,330","1,142,999","1,754,882"
栃木県,"166,047","19,834","2,646,509","823,883","1,360,333"
群馬県,"122,019","4,554","2,383,266","861,496","1,176,368"
埼玉県,"123,546","7,949","4,304,589","2,362,537","3,249,639"
千葉県,"261,989","20,049","3,456,640","2,057,718","3,822,974"
東京都,"42,113","23,079","7,492,860","20,485,467","18,451,954"
神奈川県,"60,864","2,117","6,063,774","3,360,109","5,504,532"
新潟県,"215,778","57,313","1,659,847","1,112,979","1,577,997"
富山県,"54,102","8,474","1,329,614","531,901","730,745"
石川県,"50,666","6,989","958,331","636,365","930,118"
福井県,"38,523","2,904","640,904","333,283","535,276"
山梨県,"66,145","3,824","665,728","338,138","539,446"
長野県,"186,416","19,803","1,970,860","795,662","1,587,829"
岐阜県,"82,619","29,496","1,728,978","879,031","1,333,323"
静岡県,"189,317","12,326","5,838,986","1,432,969","2,620,468"
愛知県,"201,299","10,180","10,639,821","5,047,334","5,307,210"
三重県,"117,157","15,621","2,211,853","639,526","1,128,395"
滋賀県,"48,517","4,273","2,164,986","489,090","777,289"
京都府,"48,635","6,021","1,965,671","1,266,690","1,790,283"
大阪府,"35,734","2,901","5,992,473","7,347,573","7,753,517"
兵庫県,"120,045","79,446","4,554,185","2,167,853","3,421,623"
奈良県,"29,746",739,"770,235","364,496","723,839"
和歌山県,"92,430","16,006","937,690","373,554","612,565"
鳥取県,"51,001","3,935","316,789","258,614","379,878"
島根県,"54,284","6,279","308,403","285,293","455,601"
岡山県,"72,365","16,676","2,114,549","923,407","1,183,738"
広島県,"89,609","7,027","2,181,856","1,639,709","1,913,372"
山口県,"63,030","11,960","1,772,635","573,571","949,017"
徳島県,"77,903","1,428","634,154","290,085","486,853"
香川県,"64,432","12,159","723,807","573,544","683,699"
愛媛県,"121,268","11,284","1,030,788","643,770","893,482"
高知県,"103,836","8,901","239,023","300,941","521,115"
福岡県,"160,054","31,237","2,471,029","2,967,921","3,543,032"
佐賀県,"88,008","4,144","489,035","283,296","501,525"
長崎県,"127,883","9,265","491,352","553,375","985,697"
熊本県,"206,907","7,561","820,366","661,430","1,178,260"
大分県,"113,113","16,617","1,019,648","446,460","830,490"
宮崎県,"175,829","3,881","432,913","440,627","774,239"
鹿児島県,"209,868","10,635","628,209","704,467","1,118,608"
沖縄県,"62,126","9,566","181,870","408,623","907,947"
北海道,"697,121","38,632","1,953,101","3,077,058","3,672,295"
青森県,"172,746","21,154","368,535","636,998","901,210"
岩手県,"176,006","10,123","654,591","589,090","825,606"
宮城県,"169,209","4,937","1,146,237","1,491,670","1,624,984"
秋田県,"137,917","13,009","494,411","471,499","712,652"
山形県,"147,361","7,507","749,102","511,709","654,846"
福島県,"143,515","10,678","1,906,819","813,471","1,355,803"
茨城県,"251,870","8,835","3,291,316","1,155,525","1,773,401"
栃木県,"158,291","19,313","2,585,271","863,634","1,383,870"
群馬県,"121,317","4,332","2,409,676","872,019","1,186,394"
埼玉県,"119,576","8,166","4,309,099","2,444,637","3,354,521"
千葉県,"256,787","17,895","3,539,308","2,138,138","3,952,481"
東京都,"40,637","25,791","7,794,415","20,730,719","18,717,161"
神奈川県,"56,149","3,591","6,561,962","3,336,616","5,545,178"
新潟県,"214,202","60,053","1,594,109","1,167,087","1,569,880"
富山県,"54,836","13,489","1,296,445","552,682","733,805"
石川県,"51,241","7,257","998,133","673,120","937,108"
福井県,"41,612","3,428","635,817","343,275","542,914"
山梨県,"62,705","4,535","677,124","347,507","537,632"
長野県,"180,276","22,324","2,097,683","831,941","1,587,614"
岐阜県,"85,807","36,463","1,766,509","936,692","1,331,124"
静岡県,"186,683","16,897","5,372,438","1,420,976","2,622,520"
愛知県,"193,858","10,898","10,324,933","5,034,465","5,301,430"
三重県,"120,503","18,542","2,078,718","641,877","1,104,221"
滋賀県,"48,657","3,970","2,170,999","493,223","772,174"
京都府,"45,869","6,348","1,868,776","1,272,329","1,794,434"
大阪府,"34,846","3,209","6,108,722","8,146,453","7,797,776"
兵庫県,"115,036","141,794","4,612,995","2,224,689","3,455,266"
奈良県,"31,201",717,"746,644","391,212","720,255"
和歌山県,"90,338","16,163","981,110","386,111","609,912"
鳥取県,"50,878","3,891","377,834","271,903","389,182"
島根県,"55,839","7,893","325,611","288,138","449,920"
岡山県,"73,843","18,640","2,132,844","944,330","1,187,076"
広島県,"87,081","8,733","2,411,805","1,684,175","1,886,486"
山口県,"65,399","15,267","1,671,526","599,388","931,697"
徳島県,"71,029","2,243","631,405","295,542","482,087"
香川県,"62,252","13,899","715,960","628,553","688,790"
愛媛県,"133,858","12,388","1,081,989","678,810","901,338"
高知県,"104,554","9,994","242,604","307,366","536,852"
福岡県,"155,990","35,747","2,552,614","3,070,539","3,512,896"
佐賀県,"100,961","3,917","542,638","284,853","509,853"
長崎県,"125,452","17,155","419,216","574,488","1,004,689"
熊本県,"209,742","8,911","891,517","690,104","1,188,702"
大分県,"114,017","19,447","981,417","461,262","840,146"
宮崎県,"174,789","5,976","431,411","445,084","783,349"
鹿児島県,"208,832","10,960","652,676","724,708","1,120,932"
沖縄県,"68,273","10,722","216,021","420,705","873,830"
